{
  "ChatRoom": [
    {
      "id": "message1",
      "text": "Hi Bob, how are you?",
      "senderId": "user1",
      "timestamp": "09-04-2024 09:00:00 PM"
    },
    {
      "id": "message2",
      "text": "Hey Alice, I'm good! How about you?",
      "senderId": "user2",
      "timestamp": "09-04-2024 09:01:00 PM"
    },
    {
      "id": "message3",
      "text": "I'm doing well, thanks for asking!",
      "senderId": "user1",
      "timestamp": "09-04-2024 09:02:00 PM"
    },
    {
      "id": "message31",
      "text": "ssss",
      "senderId": "user1",
      "timestamp": "2024-04-24T08:21:24.874Z"
    },
    {
      "id": "message311",
      "text": "ssssss",
      "senderId": "user1",
      "timestamp": "2024-04-24T08:21:41.331Z"
    },
    {
      "id": "message3111",
      "text": "ddddd",
      "senderId": "user1",
      "timestamp": "2024-04-24T08:22:15.148Z"
    }
  ]
}